ksloc,complexity,effort_person_months,duration_months,team_size
84.11,4.0,49.3,4.0,12.3
13.78,2.0,27.3,17.0,1.6
8.06,1.0,4.4,9.0,1.0
13.36,1.0,21.3,4.0,5.3
15.48,1.0,19.7,13.0,1.5
4.4,1.0,8.8,4.0,2.2
4.19,1.0,10.6,6.0,1.8
5.14,2.0,7.6,7.0,1.1
6.15,1.0,8.2,6.0,1.4
2.76,1.0,22.2,7.0,3.2
24.64,1.0,67.1,9.0,7.5
3.55,1.0,11.2,7.0,1.6
10.55,2.0,17.4,7.0,2.5
9.33,1.0,22.0,26.0,1.0
20.72,1.0,4.4,7.0,1.0
13.94,1.0,6.0,3.0,2.0
2.23,1.0,16.4,6.4,2.6
10.07,1.0,7.7,10.0,1.0
12.98,1.0,23.2,13.0,1.8
4.08,1.0,2.9,1.0,2.9
18.81,1.0,6.0,4.0,1.5
167.27,1.0,59.8,6.0,10.0
2.44,1.0,2.3,6.0,1.0
2.97,4.0,1.9,3.0,1.0
5.62,1.0,23.0,13.0,1.8
3.76,1.0,1.6,1.0,1.6
16.22,2.0,13.7,24.0,1.0
12.93,4.0,1.3,7.0,1.0
5.19,1.0,19.6,15.0,1.3
17.54,1.0,2.2,2.0,1.1
5.35,1.0,2.7,8.0,1.0
10.18,1.0,11.7,8.0,1.5
3.18,2.0,3.1,8.0,1.0
9.54,2.0,4.6,5.0,1.0
6.25,1.0,3.8,2.0,1.9
3.87,1.0,8.0,3.0,2.7
7.58,1.0,7.5,4.0,1.9
116.07,2.0,95.5,19.0,5.0
0.48,1.0,1.6,2.0,1.0
10.76,1.0,8.3,5.0,1.7
8.59,1.0,11.5,8.0,1.4
9.7,1.0,10.0,6.0,1.7
3.13,1.0,4.4,8.0,1.0
21.84,1.0,38.6,20.0,1.9
18.44,1.0,6.4,3.0,2.1
134.04,2.0,35.1,13.0,2.7
13.25,2.0,11.7,8.0,1.5
10.92,1.0,1.3,5.0,1.0
32.7,1.0,20.7,7.0,3.0
9.17,1.0,57.3,12.0,4.8
15.16,1.0,9.6,6.0,1.6
2.76,1.0,8.9,2.0,4.4
2.38,2.0,1.8,7.0,1.0
5.51,1.0,15.3,5.0,3.1
24.64,1.0,26.7,13.0,2.1
113.68,4.0,15.8,84.0,1.0
15.0,1.0,37.2,13.0,2.9
5.78,1.0,10.0,2.0,5.0
8.48,1.0,3.1,2.0,1.6
3.44,1.0,3.3,2.0,1.6
19.4,1.0,55.7,10.0,5.6
3.34,1.0,5.1,3.0,1.7
16.38,4.0,17.1,7.5,2.3
32.33,1.0,6.2,3.0,2.1
29.79,3.0,37.7,13.0,2.9
8.27,1.0,13.4,4.0,3.4
3.98,1.0,24.2,8.0,3.0
7.21,1.0,3.8,2.0,1.9
5.09,2.0,8.0,8.0,1.0
4.13,1.0,6.4,4.0,1.6
2.7,1.0,2.5,12.0,1.0
57.88,1.0,29.1,13.0,2.2
7.1,1.0,1.9,8.0,1.0
3.98,1.0,2.0,5.0,1.0
4.66,1.0,0.8,7.0,1.0
163.66,1.0,28.1,8.0,3.5
4.35,1.0,2.9,3.0,1.0
5.83,1.0,9.0,2.0,4.5
16.32,2.0,16.7,6.0,2.8
7.58,1.0,1.5,10.0,1.0
43.78,1.0,72.7,13.0,5.6
183.38,4.0,215.5,24.0,9.0
3.87,1.0,13.5,8.0,1.7
3.39,1.0,1.7,7.0,1.0
26.34,2.0,15.5,8.0,1.9
15.26,1.0,16.2,5.0,3.2
26.18,1.0,57.3,21.0,2.7
6.89,1.0,5.1,6.0,1.0
10.81,1.0,53.4,36.0,1.5
0.9,1.0,5.0,11.0,1.0
3.18,1.0,0.9,1.0,1.0
3.87,1.0,2.4,1.0,2.4
8.96,1.0,3.2,6.0,1.0
71.6,1.0,21.0,8.0,2.6
110.61,4.0,148.0,9.0,16.4
13.41,1.0,77.1,13.0,5.9
5.41,1.0,1.2,5.0,1.0
6.1,1.0,9.8,5.0,2.0
15.26,2.0,8.2,11.0,1.0
10.55,1.0,6.2,8.0,1.0
8.64,1.0,17.7,11.0,1.6
5.14,2.0,4.8,9.0,1.0
23.27,1.0,23.9,7.0,3.4
164.99,1.0,224.2,24.0,9.3
8.11,2.0,18.8,3.0,6.3
35.51,1.0,37.9,6.0,6.3
6.84,2.0,4.2,15.0,1.0
17.44,2.0,14.4,8.0,1.8
301.25,1.0,138.2,37.0,3.7
3.23,1.0,2.7,4.0,1.0
14.15,2.0,17.7,9.0,2.0
11.55,1.0,36.4,4.0,9.1
48.71,1.0,31.7,6.0,5.3
3.5,1.0,1.6,2.0,1.0
2.86,1.0,4.5,1.0,4.5
12.98,1.0,3.1,13.0,1.0
2.86,1.0,2.6,2.0,1.3
8.0,2.0,7.1,3.0,2.4
5.46,2.0,9.2,7.0,1.3
15.9,1.0,19.3,10.0,1.9
13.2,1.0,29.9,9.0,3.3
11.87,1.0,19.7,4.0,4.9
105.15,2.0,16.7,11.0,1.5
3.07,1.0,0.2,2.0,1.0
2.97,1.0,2.9,2.0,1.4
12.93,1.0,6.0,3.0,2.0
0.64,2.0,1.4,13.0,1.0
75.05,2.0,11.3,12.0,1.0
3.55,2.0,10.4,5.0,2.1
5.04,1.0,1.0,7.0,1.0
125.93,1.0,167.6,24.0,7.0
23.43,1.0,4.5,5.0,1.0
3.6,1.0,16.6,4.0,4.2
14.2,2.0,19.3,9.0,2.1
4.77,1.0,3.2,2.0,1.6
3.82,1.0,3.2,7.0,1.0
26.76,1.0,32.6,30.0,1.1
23.85,1.0,40.4,7.0,5.8
12.19,1.0,9.5,10.0,1.0
12.83,1.0,2.0,2.0,1.0
5.62,1.0,16.1,2.0,8.0
1.64,1.0,1.6,6.0,1.0
62.86,3.0,24.4,9.0,2.7
13.57,2.0,19.3,19.0,1.0
10.12,2.0,16.0,11.0,1.5
11.29,1.0,16.7,10.0,1.7
241.79,1.0,173.7,15.0,11.6
7.47,1.0,8.2,2.0,4.1
9.91,1.0,3.7,6.0,1.0
6.78,1.0,21.7,10.0,2.2
10.28,1.0,3.3,12.0,1.0
46.06,3.0,13.7,6.0,2.3
6.62,1.0,15.3,3.0,5.1
25.28,1.0,18.0,6.0,3.0
38.0,1.0,23.3,5.0,4.7
1.32,1.0,0.9,3.0,1.0
3.87,1.0,9.2,8.0,1.2
5.3,1.0,6.1,12.0,1.0
14.47,3.0,3.5,5.0,1.0
31.11,3.0,24.7,15.0,1.6
76.16,4.0,32.2,18.0,1.8
5.14,2.0,12.2,12.0,1.0
11.87,2.0,19.0,13.0,1.5
17.01,4.0,7.1,11.0,1.0
5.25,1.0,15.7,4.0,3.9
22.05,1.0,10.4,6.0,1.7
3.76,1.0,6.6,4.0,1.6
6.36,1.0,1.4,5.0,1.0
11.29,2.0,8.4,12.0,1.0
86.6,2.0,46.4,12.0,3.9
14.58,1.0,4.6,9.0,1.0
24.27,1.0,5.9,16.0,1.0
11.55,1.0,44.5,8.0,5.6
26.39,3.0,54.1,19.0,2.8
7.58,1.0,2.2,4.0,1.0
38.27,1.0,27.4,9.0,3.0
12.51,2.0,45.0,15.0,3.0
12.67,2.0,10.9,10.0,1.1
99.75,2.0,39.9,10.0,4.0
15.42,2.0,39.9,14.0,2.8
17.38,1.0,4.4,13.0,1.0
13.99,1.0,3.6,6.0,1.0
14.31,1.0,5.9,6.0,1.0
1.7,1.0,2.3,2.5,1.0
73.25,4.0,22.0,8.0,2.8
5.19,1.0,2.7,1.0,2.7
15.32,2.0,37.7,8.0,4.7
56.13,2.0,150.8,17.0,8.9
38.37,1.0,61.9,9.0,6.9
2.12,4.0,1.9,4.0,1.0
6.78,1.0,8.5,3.0,2.8
66.14,4.0,99.8,12.0,8.3
20.51,1.0,21.6,17.0,1.3
3.87,1.0,5.0,3.0,1.7
8.0,1.0,14.4,3.0,4.8
24.64,1.0,13.2,4.0,3.3
3.34,1.0,5.4,4.0,1.4
11.98,1.0,16.5,10.0,1.6
6.1,1.0,1.3,1.5,1.0
10.02,2.0,3.7,15.0,1.0
2.92,1.0,3.5,11.0,1.0
4.5,1.0,6.8,4.0,1.7
113.58,1.0,284.9,7.0,40.7
27.56,2.0,20.6,8.0,2.6
5.99,2.0,11.8,3.0,3.9
13.99,1.0,17.4,6.0,2.9
18.5,2.0,15.5,4.0,3.9
12.14,2.0,16.6,5.0,3.3
9.12,4.0,11.8,5.0,2.4
17.12,1.0,8.1,13.0,1.0
4.72,2.0,2.9,4.0,1.0
46.53,1.0,22.2,5.0,4.4
11.66,3.0,1.8,3.0,1.0
7.95,1.0,4.5,3.0,1.5
8.53,1.0,1.4,2.0,1.0
42.61,1.0,74.9,12.0,6.2
14.42,2.0,63.9,14.0,4.6
1.75,2.0,1.0,2.0,1.0
3.39,2.0,0.9,3.0,1.0
14.68,2.0,8.3,19.0,1.0
17.07,1.0,34.5,13.0,2.7
8.69,2.0,18.4,11.0,1.7
7.68,1.0,4.9,3.0,1.6
3.87,1.0,3.8,5.0,1.0
12.98,2.0,5.9,7.0,1.0
21.52,1.0,37.1,7.0,5.3
5.19,1.0,36.4,5.0,7.3
4.4,1.0,2.7,3.0,1.0
9.65,1.0,6.6,5.0,1.3
43.46,4.0,16.8,11.0,1.5
28.88,1.0,57.5,11.0,5.2
5.56,1.0,1.3,8.0,1.0
2.92,1.0,15.4,1.0,15.4
3.29,1.0,5.4,8.0,1.0
5.78,1.0,1.6,1.0,1.6
23.11,2.0,51.1,15.0,3.4
9.49,1.0,5.1,4.0,1.3
90.63,2.0,86.4,21.0,4.1
6.78,2.0,10.8,2.0,5.4
9.22,4.0,89.0,8.0,11.1
3.71,1.0,4.1,5.0,1.0
20.09,1.0,15.7,7.0,2.2
13.67,2.0,4.0,5.0,1.0
6.84,2.0,13.6,4.0,3.4
45.37,2.0,16.8,12.0,1.4
6.73,1.0,11.0,7.0,1.6
20.19,2.0,12.0,19.0,1.0
12.4,1.0,33.6,10.0,3.4
11.4,1.0,18.7,8.0,2.3
74.52,4.0,98.3,1.0,98.3
4.5,2.0,6.9,13.0,1.0
3.13,1.0,7.0,10.0,1.0
18.97,1.0,91.6,9.0,10.2
3.87,1.0,24.2,7.0,3.5
31.64,1.0,16.7,6.0,2.8
14.63,1.0,14.8,2.0,7.4
38.58,1.0,52.9,4.0,13.2
3.13,1.0,32.5,6.0,5.4
5.19,1.0,8.6,11.0,1.0
40.07,1.0,21.1,7.0,3.0
8.22,1.0,3.2,10.0,1.0
28.83,1.0,15.2,4.0,3.8
43.09,2.0,10.8,9.0,1.2
3.98,1.0,4.7,6.0,1.0
5.94,4.0,7.1,13.0,1.0
11.18,1.0,23.5,13.0,1.8
47.43,1.0,5.1,7.0,1.0
3.92,1.0,26.3,14.0,1.9
176.54,4.0,322.6,42.0,7.7
3.39,1.0,2.6,6.0,1.0
74.31,1.0,115.8,23.0,5.0
17.86,1.0,3.9,8.0,1.0
3.87,1.0,5.3,6.0,1.0
3.39,1.0,3.7,12.0,1.0
90.26,3.0,56.2,8.0,7.0
8.0,1.0,2.6,3.0,1.0
3.5,1.0,12.0,2.0,6.0
3.71,2.0,3.6,3.0,1.2
39.96,1.0,49.0,8.0,6.1
17.22,1.0,57.0,6.0,9.5
8.9,2.0,30.4,12.0,2.5
11.98,4.0,6.0,7.0,1.0
17.76,4.0,167.1,12.0,13.9
4.03,1.0,3.7,5.0,1.0
11.71,1.0,9.9,4.0,2.5
53.53,2.0,33.2,11.0,3.0
6.15,1.0,12.8,10.0,1.3
2.07,2.0,0.8,1.0,1.0
9.01,4.0,10.1,8.0,1.3
9.49,1.0,31.1,4.0,7.8
8.8,1.0,19.5,13.0,1.5
18.76,1.0,38.4,10.0,3.8
32.6,2.0,6.2,8.0,1.0
6.68,2.0,6.8,8.0,1.0
73.67,3.0,36.8,13.0,2.8
6.84,1.0,19.7,8.0,2.5
10.76,1.0,21.2,5.0,4.2
40.17,1.0,30.5,15.0,2.0
29.57,1.0,27.1,6.0,4.5
1.32,1.0,3.8,6.0,1.0
45.05,1.0,72.0,5.0,14.4
12.46,1.0,6.2,9.0,1.0
3.07,1.0,16.5,8.0,2.1
16.75,2.0,17.1,8.0,2.1
404.55,2.0,165.9,19.0,8.7
6.31,1.0,1.2,2.0,1.0
2.92,1.0,2.2,3.0,1.0
87.13,1.0,107.6,38.0,2.8
63.23,1.0,19.8,12.0,1.6
32.06,1.0,11.1,8.0,1.4
20.62,2.0,7.5,6.0,1.2
7.0,1.0,7.8,8.0,1.0
7.0,1.0,9.1,9.0,1.0
15.16,1.0,11.4,6.0,1.9
16.16,3.0,29.6,7.0,4.2
14.2,2.0,31.6,8.0,4.0
5.83,2.0,16.8,24.0,1.0
210.04,2.0,111.3,11.0,10.1
21.04,1.0,49.1,7.0,7.0
13.46,2.0,25.5,11.0,2.3
7.1,1.0,13.7,8.0,1.7
14.1,1.0,30.9,8.0,3.9
12.56,1.0,21.1,9.0,2.3
65.88,1.0,75.6,9.0,8.4
35.3,1.0,4.9,13.0,1.0
95.93,3.0,193.4,35.0,5.5
4.66,1.0,15.1,6.0,2.5
3.29,1.0,5.8,5.0,1.2
16.16,1.0,57.2,10.0,5.7
18.5,1.0,24.4,8.0,3.0
8.27,1.0,4.6,4.0,1.2
5.3,1.0,9.4,15.0,1.0
11.77,1.0,16.1,4.0,4.0
26.82,1.0,23.0,9.0,2.6
6.52,2.0,12.5,3.0,4.2
13.36,2.0,44.9,11.0,4.1
13.67,1.0,9.2,4.0,2.3
8.8,1.0,17.1,7.0,2.4
9.59,2.0,23.9,10.0,2.4
15.05,1.0,21.3,4.0,5.3
2.76,1.0,1.7,3.0,1.0
5.41,1.0,6.8,3.0,2.3
3.07,1.0,4.5,5.0,1.0
63.39,4.0,51.5,15.0,3.4
2.01,1.0,1.6,4.0,1.0
4.45,1.0,18.0,10.0,1.8
3.87,1.0,7.4,6.0,1.2
23.8,1.0,105.5,8.0,13.2
29.2,1.0,16.0,13.0,1.2
10.28,2.0,9.5,8.0,1.2
9.8,1.0,42.2,16.0,2.6
7.1,1.0,8.0,5.0,1.6
65.77,1.0,67.2,15.0,4.5
5.25,1.0,1.6,3.0,1.0
68.1,1.0,7.9,16.5,1.0
24.7,1.0,11.2,10.0,1.1
4.08,1.0,13.9,4.0,3.5
4.29,1.0,3.0,1.0,3.0
36.78,4.0,26.9,8.0,3.4
3.29,1.0,13.3,5.0,2.7
2.97,1.0,1.9,3.0,1.0
39.91,1.0,28.3,12.0,2.4
22.31,1.0,110.4,15.5,7.1
3.13,1.0,3.7,3.0,1.2
21.68,2.0,17.6,11.0,1.6
6.1,2.0,12.3,12.0,1.0
4.93,1.0,5.3,3.0,1.8
3.76,1.0,26.4,7.0,3.8
51.46,1.0,32.0,14.0,2.3
3.92,1.0,20.6,17.0,1.2
4.29,1.0,0.6,1.0,1.0
5.62,1.0,7.4,7.0,1.1
61.9,3.0,10.1,8.0,1.3
57.93,1.0,47.8,11.0,4.3
3.55,1.0,25.3,2.0,12.6
66.57,1.0,189.8,28.0,6.8
3.82,1.0,8.2,15.0,1.0
41.18,2.0,98.9,13.0,7.6
6.94,1.0,32.5,13.0,2.5
7.1,1.0,13.3,8.0,1.7
43.78,1.0,35.5,42.0,1.0
168.54,4.0,217.3,36.0,6.0
17.17,1.0,33.4,13.0,2.6
11.66,1.0,4.6,3.0,1.5
13.67,1.0,4.8,12.0,1.0
7.37,2.0,6.4,7.0,1.0
14.52,2.0,7.7,4.0,1.9
12.24,4.0,24.8,12.0,2.1
6.68,2.0,4.1,5.0,1.0
4.93,1.0,7.2,8.0,1.0
96.72,1.0,8.0,15.0,1.0
26.5,1.0,38.7,8.0,4.8
19.77,2.0,15.8,10.0,1.6
17.49,1.0,6.9,10.0,1.0
3.02,1.0,11.5,4.0,2.9
6.73,1.0,10.4,4.0,2.6
72.19,3.0,21.0,11.0,1.9
77.54,4.0,237.1,23.0,10.3
7.84,1.0,22.6,3.0,7.5
25.12,1.0,12.0,6.0,2.0
4.08,1.0,2.7,10.0,1.0
11.29,1.0,5.3,2.5,2.1
9.28,2.0,3.9,7.0,1.0
19.08,1.0,5.0,18.0,1.0
17.54,2.0,8.1,5.0,1.6
15.1,2.0,8.2,7.0,1.2
9.91,2.0,90.5,3.0,30.2
26.61,1.0,61.2,14.0,4.4
16.06,1.0,2.2,1.0,2.2
9.22,2.0,20.3,17.0,1.2
2.33,4.0,2.5,2.0,1.2
20.51,1.0,15.3,7.0,2.2
21.52,2.0,13.9,19.0,1.0
26.29,2.0,66.3,14.0,4.7
6.15,1.0,3.6,2.0,1.8
2.81,2.0,2.3,16.0,1.0
11.08,1.0,1.2,2.5,1.0
47.86,1.0,36.1,11.0,3.3
24.86,1.0,21.0,11.0,1.9
100.38,2.0,26.2,12.0,2.2
11.4,1.0,3.7,7.0,1.0
4.35,1.0,0.5,2.0,1.0
89.78,1.0,51.4,16.0,3.2
4.29,1.0,13.2,5.0,2.6
15.74,1.0,10.2,6.0,1.7
14.84,4.0,9.3,7.0,1.3
2.97,1.0,8.2,5.0,1.6
26.08,1.0,27.4,11.0,2.5
22.58,1.0,4.2,2.0,2.1
26.45,1.0,15.2,10.0,1.5
3.18,1.0,6.5,5.0,1.3
19.19,1.0,46.7,6.0,7.8
19.24,1.0,22.6,5.0,4.5
2.81,1.0,6.6,3.0,2.2
928.45,1.0,359.3,14.0,25.7
10.55,1.0,5.7,2.0,2.8
115.06,1.0,129.6,8.0,16.2
11.66,1.0,12.7,4.0,3.2
71.82,1.0,49.4,26.0,1.9
19.82,1.0,2.0,2.0,1.0
3.29,1.0,2.3,3.0,1.0
16.48,1.0,13.4,6.0,2.2
7.0,1.0,4.0,6.0,1.0
7.15,2.0,4.4,15.0,1.0
4.19,1.0,23.6,5.0,4.7
8.22,1.0,12.6,4.0,3.2
51.14,1.0,24.0,30.0,1.0
15.69,2.0,35.7,10.0,3.6
2.97,2.0,1.1,3.0,1.0
10.92,1.0,12.0,8.0,1.5
34.5,1.0,23.8,4.0,6.0
123.12,2.0,26.2,6.0,4.4
7.74,1.0,13.1,6.0,2.2
15.05,1.0,24.0,5.0,4.8
13.2,2.0,25.0,9.0,2.8
1.7,1.0,3.3,3.0,1.1
101.12,3.0,177.6,48.0,3.7
13.41,1.0,11.1,7.0,1.6
9.75,2.0,19.4,4.0,4.8
4.03,1.0,2.5,1.0,2.5
14.63,1.0,2.0,4.0,1.0
183.96,4.0,49.8,17.0,2.9
20.14,1.0,21.9,9.0,2.4
8.22,1.0,34.2,8.0,4.3
17.33,2.0,16.9,16.0,1.1
10.23,1.0,11.1,5.0,2.2
58.72,1.0,164.8,6.0,27.5
19.24,1.0,0.8,10.0,1.0
13.2,1.0,3.3,3.0,1.1
40.76,1.0,82.6,8.0,10.3
7.26,1.0,2.6,3.0,1.0
30.69,1.0,5.2,7.0,1.0
7.05,2.0,13.9,6.0,2.3
4.13,2.0,3.9,3.0,1.3
5.35,1.0,3.0,1.5,2.0
64.77,1.0,38.2,20.0,1.9
57.93,2.0,16.9,7.0,2.4
11.77,2.0,15.7,4.0,3.9
109.55,2.0,68.4,21.0,3.3
9.28,1.0,22.6,10.0,2.3
12.19,1.0,2.6,3.0,1.0
5.51,4.0,2.2,2.0,1.1
9.38,2.0,18.7,17.0,1.1
3.29,1.0,3.9,2.0,2.0
25.81,1.0,6.7,6.0,1.1
9.38,1.0,5.2,8.0,1.0
5.56,1.0,5.1,3.0,1.7
7.42,4.0,4.2,1.5,2.8
12.19,1.0,3.3,4.0,1.0
12.51,1.0,4.0,10.0,1.0
44.84,1.0,106.4,13.0,8.2
7.37,2.0,16.1,6.0,2.7
2.7,1.0,2.2,3.0,1.0
10.34,1.0,11.8,9.0,1.3
2.7,1.0,5.9,3.0,2.0
58.62,2.0,108.9,20.0,5.4
5.25,1.0,3.5,4.0,1.0
2.97,2.0,2.9,6.0,1.0
11.29,1.0,14.4,7.0,2.1
