sloc,cplx,act_effort,duration,team_size
7.5,1.15,72.0,14.2,5.1
20.0,1.15,72.0,14.2,5.1
6.0,1.15,24.0,10.1,2.4
100.0,1.15,360.0,23.7,15.2
11.3,1.15,36.0,11.4,3.2
100.0,1.15,215.0,20.1,10.7
20.0,1.15,48.0,12.5,3.8
100.0,1.15,360.0,23.7,15.2
150.0,1.15,324.0,22.9,14.1
31.5,1.15,60.0,13.4,4.5
15.0,1.15,48.0,12.5,3.8
32.5,1.15,60.0,13.4,4.5
25.9,1.15,117.6,16.6,7.1
24.6,1.15,117.6,16.6,7.1
7.7,1.15,31.2,10.9,2.9
8.2,1.15,36.0,11.4,3.2
9.7,1.15,25.2,10.2,2.5
2.2,1.15,8.4,7.2,1.2
3.5,1.15,10.8,7.8,1.4
66.6,1.15,352.8,23.6,14.9
19.7,1.15,60.0,13.4,4.5
66.6,1.15,300.0,22.4,13.4
29.5,1.15,120.0,16.7,7.2
15.0,1.0,90.0,15.3,5.9
38.0,1.15,210.0,20.0,10.5
10.0,1.0,48.0,12.5,3.8
15.4,1.15,70.0,14.1,5.0
48.5,1.15,239.0,20.8,11.5
16.3,1.15,82.0,14.8,5.5
12.8,1.15,62.0,13.6,4.6
32.6,1.15,170.0,18.7,9.1
35.5,1.15,192.0,19.4,9.9
5.5,1.15,18.0,9.2,2.0
10.4,1.15,50.0,12.7,3.9
14.0,1.15,60.0,13.4,4.5
6.5,1.15,42.0,12.0,3.5
13.0,1.15,60.0,13.4,4.5
90.0,1.15,444.0,25.3,17.5
8.0,1.15,42.0,12.0,3.5
16.0,1.15,114.0,16.5,6.9
177.9,1.15,1248.0,35.2,35.5
227.0,1.15,1181.0,34.6,34.1
70.0,1.3,278.0,21.8,12.8
0.9,1.15,8.4,7.2,1.2
32.0,1.3,1350.0,36.1,37.4
53.0,1.15,480.0,26.0,18.5
16.3,1.3,480.0,26.0,18.5
6.2,1.3,12.0,8.1,1.5
3.0,1.3,38.0,11.6,3.3
41.0,1.3,599.0,27.9,21.5
24.0,1.3,430.0,25.1,17.1
282.1,0.85,1368.0,36.2,37.8
284.7,0.85,973.0,32.5,29.9
79.0,1.0,400.0,24.5,16.3
423.0,1.0,2400.0,43.3,55.4
190.0,1.0,420.0,24.9,16.9
47.5,1.15,252.0,21.2,11.9
21.0,1.65,107.0,16.1,6.6
78.0,1.15,571.4,27.5,20.8
11.4,1.15,98.8,15.7,6.3
19.3,1.15,155.0,18.2,8.5
101.0,1.3,750.0,29.9,25.1
219.0,1.15,2120.0,41.6,51.0
50.0,1.15,370.0,23.9,15.5
70.0,1.65,458.0,25.6,17.9
271.0,1.65,2460.0,43.6,56.4
90.0,1.0,162.0,18.4,8.8
40.0,1.0,150.0,18.0,8.3
137.0,1.15,636.0,28.4,22.4
150.0,1.15,882.0,31.5,28.0
339.0,1.15,444.0,25.3,17.5
240.0,0.85,192.0,19.4,9.9
144.0,1.15,576.0,27.5,20.9
151.0,1.0,432.0,25.1,17.2
34.0,1.15,72.0,14.2,5.1
98.0,1.15,300.0,22.4,13.4
85.0,1.15,300.0,22.4,13.4
20.0,1.0,240.0,20.9,11.5
111.0,1.0,600.0,27.9,21.5
162.0,1.15,756.0,30.0,25.2
352.0,1.3,1200.0,34.7,34.6
165.0,1.3,97.0,15.6,6.2
60.0,1.3,409.0,24.7,16.6
100.0,1.3,703.0,29.3,24.0
165.0,1.3,4178.2,51.6,81.0
65.0,1.3,1772.5,39.3,45.1
70.0,1.3,1645.9,38.4,42.9
50.0,1.65,1924.5,40.3,47.8
7.25,1.3,648.0,28.6,22.7
233.0,1.3,8211.0,63.9,128.5
302.0,1.15,2400.0,43.3,55.4
980.0,1.65,4560.0,53.0,86.0
350.0,1.15,720.0,29.5,24.4
